-- MySQL dump 10.13  Distrib 8.0.21, for Linux (x86_64)
--
-- Host: localhost    Database: vk
-- ------------------------------------------------------
-- Server version	8.0.21-0ubuntu0.20.04.4

/*!40101 SET @OLD_CHARACTER_SET_CLIENT=@@CHARACTER_SET_CLIENT */;
/*!40101 SET @OLD_CHARACTER_SET_RESULTS=@@CHARACTER_SET_RESULTS */;
/*!40101 SET @OLD_COLLATION_CONNECTION=@@COLLATION_CONNECTION */;
/*!50503 SET NAMES utf8mb4 */;
/*!40103 SET @OLD_TIME_ZONE=@@TIME_ZONE */;
/*!40103 SET TIME_ZONE='+00:00' */;
/*!40014 SET @OLD_UNIQUE_CHECKS=@@UNIQUE_CHECKS, UNIQUE_CHECKS=0 */;
/*!40014 SET @OLD_FOREIGN_KEY_CHECKS=@@FOREIGN_KEY_CHECKS, FOREIGN_KEY_CHECKS=0 */;
/*!40101 SET @OLD_SQL_MODE=@@SQL_MODE, SQL_MODE='NO_AUTO_VALUE_ON_ZERO' */;
/*!40111 SET @OLD_SQL_NOTES=@@SQL_NOTES, SQL_NOTES=0 */;

--
-- Table structure for table `communities`
--

DROP TABLE IF EXISTS `communities`;
/*!40101 SET @saved_cs_client     = @@character_set_client */;
/*!50503 SET character_set_client = utf8mb4 */;
CREATE TABLE `communities` (
  `id` int unsigned NOT NULL AUTO_INCREMENT COMMENT 'Идентификатор сроки',
  `name` varchar(150) CHARACTER SET utf8 COLLATE utf8_unicode_ci NOT NULL COMMENT 'Название группы',
  `created_at` datetime DEFAULT CURRENT_TIMESTAMP COMMENT 'Время создания строки',
  `updated_at` datetime DEFAULT CURRENT_TIMESTAMP ON UPDATE CURRENT_TIMESTAMP COMMENT 'Время обновления строки',
  PRIMARY KEY (`id`),
  UNIQUE KEY `name` (`name`)
) ENGINE=InnoDB AUTO_INCREMENT=101 DEFAULT CHARSET=utf8 COLLATE=utf8_unicode_ci COMMENT='Группы';
/*!40101 SET character_set_client = @saved_cs_client */;

--
-- Dumping data for table `communities`
--

LOCK TABLES `communities` WRITE;
/*!40000 ALTER TABLE `communities` DISABLE KEYS */;
INSERT INTO `communities` VALUES (1,'Distinctio totam veritatis.','2017-08-03 06:12:37','2016-08-20 19:39:08'),(2,'In vero.','2013-05-29 23:47:25','2020-08-08 00:02:41'),(3,'Est soluta magni.','2017-09-30 18:32:40','2010-09-09 12:24:51'),(4,'Qui perspiciatis.','2016-05-20 22:34:55','2019-01-08 12:45:54'),(5,'Ea culpa aut.','2020-03-28 17:39:17','2016-09-11 06:30:18'),(6,'Dolore rerum et.','2018-12-14 01:07:30','2014-07-08 13:46:17'),(7,'Iusto sed.','2020-03-03 07:43:44','2019-07-19 07:38:37'),(8,'Nulla asperiores.','2014-08-30 10:15:47','2018-04-26 03:26:15'),(9,'Culpa ea et.','2013-03-30 22:17:02','2018-08-08 11:48:46'),(10,'Quos alias ut.','2017-03-28 12:20:07','2019-06-12 10:44:00'),(11,'Modi placeat officiis.','2014-05-11 02:24:17','2019-06-19 16:14:22'),(12,'Nesciunt harum vel.','2016-09-08 09:28:43','2015-10-16 05:14:00'),(13,'Repellat necessitatibus.','2011-02-22 18:06:18','2015-02-24 10:27:38'),(14,'Esse culpa.','2014-07-26 17:59:32','2012-01-26 06:41:20'),(15,'Officiis placeat.','2016-11-23 07:13:02','2014-02-11 07:27:15'),(16,'Autem et ducimus.','2014-06-03 20:14:03','2017-04-28 20:04:27'),(17,'Praesentium quae odio.','2013-06-14 08:33:25','2017-01-15 10:58:19'),(18,'Voluptatem aut aut.','2013-12-17 22:38:10','2011-03-20 07:15:00'),(19,'Molestiae similique.','2019-08-08 22:05:14','2010-09-10 09:19:10'),(20,'Soluta quasi.','2011-06-30 10:25:03','2018-03-03 08:58:01'),(21,'Enim officiis.','2018-01-10 08:01:30','2020-05-04 14:45:16'),(22,'Veritatis quis quidem.','2018-10-23 01:27:40','2013-06-06 20:46:32'),(23,'Eum commodi ipsum.','2011-05-06 21:38:30','2015-09-25 11:49:42'),(24,'In est.','2018-07-29 01:15:04','2019-12-12 10:05:49'),(25,'Assumenda necessitatibus.','2010-11-19 22:40:28','2018-08-11 04:38:06'),(26,'At rem soluta.','2012-08-27 00:54:11','2020-03-05 23:01:55'),(27,'Non molestias aut.','2011-10-22 23:06:38','2015-03-08 01:14:22'),(28,'Sit quo possimus.','2014-10-27 12:03:05','2020-04-15 05:28:48'),(29,'Ut delectus consectetur.','2016-04-15 11:03:19','2016-03-25 22:19:15'),(30,'Quos dignissimos vitae.','2014-02-08 03:01:16','2011-04-30 04:50:31'),(31,'Ipsa totam atque.','2017-07-11 19:17:14','2017-01-10 00:29:37'),(32,'Sed sint.','2018-09-25 06:33:00','2015-02-14 13:20:29'),(33,'Iure officiis ullam.','2016-11-23 10:52:54','2017-12-14 14:42:15'),(34,'Delectus sapiente.','2011-11-29 08:33:13','2018-07-10 04:57:07'),(35,'Perspiciatis pariatur ad.','2011-06-04 05:14:46','2013-05-31 09:21:04'),(36,'Ut alias.','2013-06-05 07:01:49','2015-10-16 20:18:24'),(37,'Culpa nulla.','2016-10-01 23:33:43','2019-08-11 23:57:58'),(38,'Ipsam aspernatur corporis.','2017-02-22 17:51:40','2018-03-25 10:51:38'),(39,'Et assumenda.','2013-08-04 01:08:15','2011-03-01 13:47:35'),(40,'Porro aperiam delectus.','2017-04-01 13:22:25','2015-11-23 14:58:26'),(41,'Rerum aperiam.','2012-11-25 03:50:57','2019-06-03 19:48:42'),(42,'Omnis velit quis.','2019-10-21 23:57:41','2011-10-27 03:17:19'),(43,'Aut error.','2013-07-26 20:32:47','2012-12-04 00:57:31'),(44,'Vitae hic.','2017-05-24 08:03:45','2010-09-30 05:55:31'),(45,'Labore repudiandae illum.','2012-04-11 12:59:20','2015-11-11 12:43:59'),(46,'Quis neque et.','2012-06-19 18:51:31','2012-04-14 20:47:47'),(47,'Sunt alias.','2017-08-27 04:41:01','2019-08-14 16:33:11'),(48,'Sit rerum ea.','2019-02-04 13:41:40','2012-10-29 16:23:18'),(49,'Quas voluptate.','2012-09-06 16:41:10','2013-07-01 20:43:58'),(50,'Minima aut.','2012-09-19 01:47:52','2017-10-23 05:19:02'),(51,'Nam dolorum in.','2020-03-13 01:47:37','2017-01-06 11:15:07'),(52,'Magni in.','2016-11-22 01:14:58','2017-01-13 21:48:41'),(53,'Sed nihil qui.','2016-04-14 12:15:35','2019-01-28 20:57:24'),(54,'Id asperiores asperiores.','2019-01-21 09:46:34','2013-11-18 04:25:57'),(55,'Beatae sint.','2014-12-26 21:23:17','2011-08-09 14:36:42'),(56,'Quia aliquam consectetur.','2018-07-25 19:29:14','2018-10-29 03:38:22'),(57,'Cum non sint.','2017-07-13 07:24:20','2015-01-27 11:01:18'),(58,'Nulla sed.','2019-10-21 17:50:15','2018-10-13 06:41:01'),(59,'Et numquam ullam.','2020-04-24 08:46:52','2016-04-20 01:50:58'),(60,'Molestias consequatur.','2016-09-30 17:29:04','2015-09-28 05:34:51'),(61,'Voluptas eveniet.','2020-07-19 14:06:25','2014-07-02 13:46:31'),(62,'Voluptate et.','2017-11-05 04:51:34','2016-05-17 09:05:27'),(63,'Rem pariatur nesciunt.','2018-04-18 11:45:44','2011-05-28 14:49:23'),(64,'Fugiat magni.','2011-01-05 12:35:13','2012-04-07 21:53:18'),(65,'Repellendus libero dolor.','2013-08-07 05:49:20','2013-07-14 19:01:16'),(66,'Repellat consequuntur.','2015-09-03 05:43:06','2012-07-10 20:03:54'),(67,'Possimus officiis.','2011-02-25 06:40:35','2012-04-23 06:16:47'),(68,'Voluptatum deleniti aspernatur.','2013-01-29 16:51:19','2016-04-07 08:51:57'),(69,'Quis sunt aliquid.','2011-09-11 22:17:52','2015-04-15 22:33:21'),(70,'Quis neque.','2011-03-14 19:41:33','2018-05-15 18:59:30'),(71,'Fugit assumenda.','2018-10-04 16:44:44','2018-07-10 21:49:52'),(72,'Itaque consequuntur.','2017-04-28 09:55:45','2019-05-05 22:35:11'),(73,'Similique explicabo voluptates.','2015-07-11 10:31:46','2010-11-23 08:19:40'),(74,'Molestias rerum maxime.','2018-06-09 11:55:55','2010-11-22 04:02:17'),(75,'Nam optio voluptatum.','2012-08-02 11:22:01','2013-07-24 21:32:14'),(76,'Delectus molestias.','2010-10-20 23:36:54','2010-10-13 23:49:29'),(77,'Temporibus quos.','2014-07-25 00:12:19','2016-08-14 15:00:11'),(78,'Est culpa rem.','2017-10-11 19:44:06','2010-11-05 03:47:43'),(79,'Ullam id excepturi.','2019-02-17 00:06:22','2017-05-26 01:41:04'),(80,'Autem eum.','2011-05-30 07:27:36','2016-05-17 11:18:34'),(81,'A deleniti et.','2012-07-04 22:54:29','2015-10-09 21:05:10'),(82,'Ipsum rem.','2020-07-25 17:26:46','2019-08-17 16:01:30'),(83,'Aut quia.','2013-06-20 07:25:41','2019-09-17 18:28:57'),(84,'Ipsam labore.','2018-07-11 16:24:28','2018-02-18 03:29:44'),(85,'Libero est eaque.','2017-01-02 01:19:42','2014-06-26 04:48:31'),(86,'Harum quae.','2010-11-04 11:06:42','2019-09-21 15:20:17'),(87,'Modi natus.','2019-10-28 17:57:26','2012-05-30 08:29:49'),(88,'Doloremque eos.','2014-12-09 04:30:28','2020-05-16 19:21:11'),(89,'Ullam debitis ratione.','2019-11-12 07:58:27','2019-05-28 16:57:40'),(90,'Labore consequatur.','2019-05-20 03:38:32','2013-06-13 18:24:27'),(91,'Magnam vitae.','2012-03-24 07:27:50','2016-11-11 07:22:46'),(92,'Rem iste.','2013-05-03 05:20:50','2015-09-16 08:53:00'),(93,'Consequatur optio aperiam.','2016-07-18 20:25:39','2014-06-26 04:45:59'),(94,'Sit laboriosam.','2018-03-16 01:36:03','2013-09-19 16:30:47'),(95,'Tempora earum nesciunt.','2020-03-01 20:41:00','2011-02-12 03:14:53'),(96,'Quis quis.','2014-05-23 15:24:14','2013-02-22 17:43:31'),(97,'Aliquid architecto illum.','2018-10-18 15:03:30','2013-01-01 15:13:47'),(98,'Iure provident.','2019-04-15 14:43:29','2011-11-19 10:44:24'),(99,'Quis rerum.','2020-01-20 00:23:25','2015-12-25 07:23:22'),(100,'Aperiam ut.','2020-04-28 07:12:22','2012-01-16 16:06:18');
/*!40000 ALTER TABLE `communities` ENABLE KEYS */;
UNLOCK TABLES;

--
-- Table structure for table `communities_users`
--

DROP TABLE IF EXISTS `communities_users`;
/*!40101 SET @saved_cs_client     = @@character_set_client */;
/*!50503 SET character_set_client = utf8mb4 */;
CREATE TABLE `communities_users` (
  `community_id` int unsigned NOT NULL COMMENT 'Ссылка на группу',
  `user_id` int unsigned NOT NULL COMMENT 'Ссылка на пользователя',
  `created_at` datetime DEFAULT CURRENT_TIMESTAMP COMMENT 'Время создания строки',
  PRIMARY KEY (`community_id`,`user_id`) COMMENT 'Составной первичный ключ'
) ENGINE=InnoDB DEFAULT CHARSET=utf8 COLLATE=utf8_unicode_ci COMMENT='Участники групп, связь между пользователями и группами';
/*!40101 SET character_set_client = @saved_cs_client */;

--
-- Dumping data for table `communities_users`
--

LOCK TABLES `communities_users` WRITE;
/*!40000 ALTER TABLE `communities_users` DISABLE KEYS */;
INSERT INTO `communities_users` VALUES (1,9,'2012-11-29 05:48:25'),(2,66,'2012-11-21 06:09:39'),(3,65,'2013-02-12 00:30:04'),(3,73,'2015-04-15 04:20:18'),(3,90,'2015-11-14 12:53:32'),(4,6,'2015-09-02 06:21:25'),(5,33,'2018-12-15 00:19:04'),(9,34,'2014-03-19 19:32:44'),(9,51,'2019-12-16 22:23:19'),(11,6,'2012-09-12 02:02:32'),(11,9,'2019-08-19 20:51:21'),(11,64,'2016-01-05 22:48:34'),(12,48,'2018-11-20 06:06:35'),(12,89,'2012-08-16 07:20:48'),(13,75,'2012-10-18 20:30:18'),(13,92,'2015-07-05 18:29:51'),(18,5,'2012-12-20 07:01:10'),(19,78,'2011-08-29 03:35:26'),(23,86,'2015-04-14 01:09:05'),(24,22,'2011-12-06 20:47:33'),(24,61,'2018-09-06 07:38:25'),(29,89,'2015-12-09 04:21:54'),(30,30,'2014-09-23 08:02:39'),(31,3,'2018-10-22 08:33:23'),(31,12,'2019-03-29 00:00:45'),(31,18,'2015-12-30 23:05:27'),(34,79,'2018-09-16 07:08:29'),(36,29,'2015-11-05 03:37:20'),(37,19,'2016-04-19 23:00:16'),(37,31,'2014-03-10 16:26:14'),(37,97,'2012-09-16 09:23:10'),(37,98,'2017-10-28 15:15:37'),(38,77,'2013-12-18 13:36:17'),(38,87,'2016-06-24 15:45:00'),(39,82,'2019-06-15 09:49:39'),(46,6,'2020-06-08 11:06:35'),(50,34,'2020-04-01 06:15:00'),(50,81,'2016-08-18 08:23:15'),(51,3,'2018-02-24 12:17:31'),(51,5,'2019-08-06 23:51:12'),(51,7,'2013-03-25 19:28:19'),(51,44,'2016-05-23 21:58:23'),(51,100,'2011-08-18 21:51:56'),(53,56,'2019-12-16 06:33:52'),(54,23,'2011-12-28 06:41:41'),(55,62,'2010-08-24 13:23:12'),(56,47,'2019-07-18 00:43:13'),(56,82,'2016-10-14 22:03:10'),(56,100,'2019-09-02 23:14:56'),(58,82,'2015-04-17 03:04:48'),(59,65,'2010-08-28 13:54:03'),(59,81,'2018-01-13 19:09:17'),(60,4,'2012-09-03 01:29:57'),(60,23,'2018-04-20 23:53:23'),(61,11,'2017-03-12 19:46:04'),(64,55,'2017-03-03 08:39:10'),(66,50,'2017-11-23 19:12:27'),(67,16,'2013-05-02 06:55:20'),(67,73,'2010-10-20 21:53:16'),(69,27,'2016-04-18 11:35:42'),(70,59,'2013-06-30 15:00:40'),(70,97,'2012-10-14 00:24:18'),(71,19,'2018-12-10 11:53:40'),(71,34,'2017-03-02 02:26:03'),(71,42,'2017-05-12 17:44:07'),(72,67,'2019-01-23 04:49:04'),(74,26,'2012-11-24 00:30:52'),(75,70,'2011-12-18 09:32:38'),(77,63,'2012-10-30 01:59:26'),(77,71,'2020-05-23 06:22:57'),(80,31,'2016-07-16 21:23:19'),(80,43,'2019-11-04 09:17:22'),(80,81,'2020-01-16 10:12:13'),(80,93,'2011-06-18 12:30:04'),(81,44,'2014-07-24 19:03:57'),(82,42,'2019-10-23 07:08:36'),(82,52,'2020-08-14 04:42:22'),(82,53,'2017-12-01 17:48:33'),(83,64,'2019-09-12 23:23:45'),(83,93,'2020-08-13 05:39:07'),(85,61,'2011-07-22 13:36:28'),(85,91,'2016-01-12 06:57:56'),(86,63,'2020-02-09 08:18:16'),(87,62,'2015-02-03 00:04:05'),(87,66,'2019-01-10 14:05:57'),(87,72,'2015-03-25 13:02:09'),(90,64,'2014-05-21 05:46:41'),(93,52,'2020-05-12 22:42:53'),(94,50,'2011-02-01 05:04:10'),(94,89,'2010-10-10 18:08:43'),(95,95,'2015-10-07 16:55:55'),(96,94,'2017-01-16 13:25:21'),(97,2,'2016-12-05 01:26:46'),(97,15,'2017-06-19 06:34:39'),(98,44,'2015-06-12 21:42:09'),(98,62,'2020-07-29 01:21:36'),(99,91,'2011-08-07 15:16:24'),(100,22,'2013-12-23 16:44:05'),(100,30,'2018-05-06 08:04:26'),(100,31,'2019-06-17 14:53:48');
/*!40000 ALTER TABLE `communities_users` ENABLE KEYS */;
UNLOCK TABLES;

--
-- Table structure for table `friendship`
--

DROP TABLE IF EXISTS `friendship`;
/*!40101 SET @saved_cs_client     = @@character_set_client */;
/*!50503 SET character_set_client = utf8mb4 */;
CREATE TABLE `friendship` (
  `user_id` int unsigned NOT NULL COMMENT 'Ссылка на инициатора дружеских отношений',
  `friend_id` int unsigned NOT NULL COMMENT 'Ссылка на получателя приглашения дружить',
  `status_id` int unsigned NOT NULL COMMENT 'Ссылка на статус (текущее состояние) отношений',
  `requested_at` datetime DEFAULT CURRENT_TIMESTAMP COMMENT 'Время отправления приглашения дружить',
  `confirmed_at` datetime DEFAULT NULL COMMENT 'Время подтверждения приглашения',
  `created_at` datetime DEFAULT CURRENT_TIMESTAMP COMMENT 'Время создания строки',
  `updated_at` datetime DEFAULT CURRENT_TIMESTAMP ON UPDATE CURRENT_TIMESTAMP COMMENT 'Время обновления строки',
  PRIMARY KEY (`user_id`,`friend_id`) COMMENT 'Составной первичный ключ'
) ENGINE=InnoDB DEFAULT CHARSET=utf8 COLLATE=utf8_unicode_ci COMMENT='Таблица дружбы';
/*!40101 SET character_set_client = @saved_cs_client */;

--
-- Dumping data for table `friendship`
--

LOCK TABLES `friendship` WRITE;
/*!40000 ALTER TABLE `friendship` DISABLE KEYS */;
INSERT INTO `friendship` VALUES (11,59,1,'2011-03-20 11:18:34','2013-08-01 18:04:03','2013-07-29 07:50:01','2013-08-09 14:19:34'),(11,90,3,'2020-07-15 01:33:37','2012-10-25 07:16:02','2019-11-23 20:32:15','2014-09-23 08:07:53'),(13,17,2,'2013-06-04 12:05:34','2015-07-09 13:29:01','2019-09-30 03:45:53','2019-11-24 07:47:19'),(13,28,3,'2019-12-07 06:42:17','2015-03-26 10:03:50','2011-01-04 02:11:54','2019-12-17 20:26:12'),(25,92,2,'2019-04-05 03:13:42','2016-10-16 15:58:30','2012-09-07 16:16:32','2016-04-25 15:34:53'),(41,59,3,'2010-10-24 18:59:49','2016-01-22 21:25:06','2019-01-12 07:27:24','2011-10-04 20:38:54'),(46,17,3,'2020-04-23 20:12:55','2016-01-31 18:06:26','2018-10-14 16:57:07','2010-12-01 15:45:55'),(47,30,1,'2012-12-30 00:17:53','2020-06-06 12:56:29','2011-01-03 05:04:33','2016-01-11 18:58:31'),(49,16,1,'2014-10-13 17:12:44','2019-04-09 18:41:28','2017-04-27 04:32:38','2011-03-28 01:07:07'),(53,36,3,'2015-02-14 15:18:25','2014-09-17 17:34:37','2013-08-25 01:47:49','2015-09-12 03:33:32'),(54,11,2,'2016-02-24 20:41:17','2018-05-31 06:15:21','2017-10-03 04:54:37','2018-12-11 08:17:54'),(55,50,1,'2019-09-26 10:08:14','2013-09-18 19:11:27','2018-04-12 19:39:36','2012-04-25 03:28:56'),(56,68,1,'2012-04-29 12:48:46','2017-12-10 22:09:50','2013-03-15 01:35:52','2011-02-04 13:42:47'),(63,43,3,'2017-10-21 13:10:56','2013-11-20 14:14:38','2014-08-08 06:53:09','2020-04-26 07:20:56'),(64,25,2,'2013-08-22 17:13:00','2014-05-04 09:49:35','2019-12-04 01:14:42','2014-07-02 19:35:04'),(87,7,2,'2014-01-30 22:53:17','2017-06-10 09:42:45','2017-10-25 09:48:09','2011-01-01 10:59:17'),(90,61,1,'2012-08-20 22:45:49','2012-11-15 23:49:45','2011-06-08 06:58:57','2013-03-07 12:59:33'),(91,29,2,'2012-02-15 17:25:35','2019-03-22 10:58:37','2014-05-14 12:10:03','2012-02-20 14:14:17'),(92,51,2,'2015-07-03 22:21:23','2014-06-17 18:50:37','2011-10-15 17:27:58','2019-07-23 23:52:37'),(95,56,3,'2016-02-20 03:50:07','2014-11-29 22:06:17','2014-09-17 13:06:51','2011-11-02 22:33:13');
/*!40000 ALTER TABLE `friendship` ENABLE KEYS */;
UNLOCK TABLES;

--
-- Table structure for table `friendship_statuses`
--

DROP TABLE IF EXISTS `friendship_statuses`;
/*!40101 SET @saved_cs_client     = @@character_set_client */;
/*!50503 SET character_set_client = utf8mb4 */;
CREATE TABLE `friendship_statuses` (
  `id` int unsigned NOT NULL AUTO_INCREMENT COMMENT 'Идентификатор строки',
  `name` varchar(150) CHARACTER SET utf8 COLLATE utf8_unicode_ci NOT NULL COMMENT 'Название статуса',
  `created_at` datetime DEFAULT CURRENT_TIMESTAMP COMMENT 'Время создания строки',
  `updated_at` datetime DEFAULT CURRENT_TIMESTAMP ON UPDATE CURRENT_TIMESTAMP COMMENT 'Время обновления строки',
  PRIMARY KEY (`id`),
  UNIQUE KEY `name` (`name`)
) ENGINE=InnoDB AUTO_INCREMENT=4 DEFAULT CHARSET=utf8 COLLATE=utf8_unicode_ci COMMENT='Статусы дружбы';
/*!40101 SET character_set_client = @saved_cs_client */;

--
-- Dumping data for table `friendship_statuses`
--

LOCK TABLES `friendship_statuses` WRITE;
/*!40000 ALTER TABLE `friendship_statuses` DISABLE KEYS */;
INSERT INTO `friendship_statuses` VALUES (1,'pending','2006-08-22 14:40:49','1981-03-23 15:57:08'),(2,'declined','2014-01-18 09:45:02','2000-01-28 23:17:09'),(3,'approved','1985-02-21 19:35:29','1991-11-04 11:24:55');
/*!40000 ALTER TABLE `friendship_statuses` ENABLE KEYS */;
UNLOCK TABLES;

--
-- Table structure for table `media`
--

DROP TABLE IF EXISTS `media`;
/*!40101 SET @saved_cs_client     = @@character_set_client */;
/*!50503 SET character_set_client = utf8mb4 */;
CREATE TABLE `media` (
  `id` int unsigned NOT NULL AUTO_INCREMENT COMMENT 'Идентификатор строки',
  `user_id` int unsigned NOT NULL COMMENT 'Ссылка на пользователя, который загрузил файл',
  `filename` varchar(255) COLLATE utf8_unicode_ci NOT NULL COMMENT 'Путь к файлу',
  `size` int unsigned NOT NULL COMMENT 'Размер файла',
  `metadata` longtext CHARACTER SET utf8mb4 COLLATE utf8mb4_bin COMMENT 'Метаданные файла',
  `media_type_id` int unsigned NOT NULL COMMENT 'Ссылка на тип контента',
  `created_at` datetime DEFAULT CURRENT_TIMESTAMP COMMENT 'Время создания строки',
  `updated_at` datetime DEFAULT CURRENT_TIMESTAMP ON UPDATE CURRENT_TIMESTAMP COMMENT 'Время обновления строки',
  PRIMARY KEY (`id`),
  CONSTRAINT `media_chk_1` CHECK (json_valid(`metadata`))
) ENGINE=InnoDB AUTO_INCREMENT=101 DEFAULT CHARSET=utf8 COLLATE=utf8_unicode_ci COMMENT='Медиафайлы';
/*!40101 SET character_set_client = @saved_cs_client */;

--
-- Dumping data for table `media`
--

LOCK TABLES `media` WRITE;
/*!40000 ALTER TABLE `media` DISABLE KEYS */;
INSERT INTO `media` VALUES (1,1,'voluptatibus',2302,NULL,1,'2016-10-06 18:45:22','2016-11-13 04:02:41'),(2,2,'corporis',1511,NULL,1,'2017-08-25 23:33:08','2017-01-08 23:43:02'),(3,3,'laborum',1128,NULL,1,'2014-12-24 04:19:19','2020-01-21 11:27:40'),(4,4,'hic',2202,NULL,1,'2012-09-06 00:40:47','2015-10-21 18:28:17'),(5,5,'quia',941,NULL,1,'2016-04-28 02:06:52','2016-04-16 18:36:54'),(6,6,'dignissimos',732,NULL,1,'2018-11-23 06:12:48','2019-06-05 14:49:27'),(7,7,'ipsa',1200,NULL,1,'2010-09-09 06:12:32','2013-10-13 09:17:54'),(8,8,'velit',754,NULL,1,'2011-04-08 18:06:27','2020-04-29 03:51:12'),(9,9,'aperiam',285,NULL,1,'2013-01-18 17:27:19','2015-06-03 08:19:24'),(10,10,'ratione',480,NULL,1,'2016-02-29 13:05:14','2013-11-12 14:07:01'),(11,11,'consequatur',936,NULL,1,'2013-09-26 13:55:46','2019-02-27 00:23:44'),(12,12,'rerum',254,NULL,1,'2011-04-05 15:06:55','2014-07-23 04:57:25'),(13,13,'aut',2967,NULL,1,'2015-02-28 06:32:33','2017-12-28 20:13:48'),(14,14,'dolorum',967,NULL,1,'2015-12-25 03:17:03','2011-09-29 16:11:43'),(15,15,'sit',1739,NULL,1,'2014-02-16 05:25:29','2018-12-14 04:22:21'),(16,16,'architecto',701,NULL,1,'2012-01-21 23:15:51','2018-09-26 07:44:16'),(17,17,'ut',307,NULL,1,'2012-01-24 18:09:34','2018-12-12 12:25:37'),(18,18,'repellat',2737,NULL,1,'2019-07-24 02:51:01','2012-07-01 22:17:58'),(19,19,'odit',127,NULL,1,'2014-09-13 10:02:08','2019-06-30 14:49:40'),(20,20,'maiores',2776,NULL,1,'2019-09-25 13:49:49','2018-01-08 07:24:29'),(21,21,'deleniti',945,NULL,1,'2013-03-11 14:49:12','2018-12-27 05:49:57'),(22,22,'eos',2748,NULL,1,'2017-05-18 13:49:42','2016-05-04 11:28:53'),(23,23,'reprehenderit',988,NULL,1,'2014-01-14 13:51:33','2018-03-20 04:57:30'),(24,24,'eligendi',2110,NULL,1,'2014-10-19 13:56:36','2011-05-29 02:53:02'),(25,25,'commodi',2040,NULL,1,'2012-02-01 05:50:39','2015-12-05 17:44:04'),(26,26,'optio',2792,NULL,1,'2012-11-16 17:48:18','2017-02-02 19:32:48'),(27,27,'sunt',670,NULL,1,'2012-06-12 09:01:18','2017-04-18 20:49:31'),(28,28,'voluptatem',2120,NULL,1,'2019-04-08 23:18:37','2018-03-20 07:35:27'),(29,29,'delectus',2896,NULL,1,'2016-03-02 18:55:13','2019-09-22 04:21:07'),(30,30,'molestiae',948,NULL,1,'2020-03-21 14:21:08','2015-07-14 22:23:20'),(31,31,'pariatur',2678,NULL,1,'2016-12-07 04:44:16','2019-08-25 02:56:08'),(32,32,'et',2022,NULL,1,'2014-02-23 18:40:42','2017-10-14 14:15:12'),(33,33,'qui',1011,NULL,1,'2018-01-31 06:48:11','2011-02-07 21:50:25'),(34,34,'quod',2173,NULL,1,'2019-07-08 00:05:39','2015-04-16 03:10:06'),(35,35,'eveniet',2597,NULL,1,'2010-11-29 11:48:21','2014-11-01 06:03:22'),(36,36,'voluptas',2440,NULL,1,'2016-01-09 20:27:11','2015-03-14 09:12:56'),(37,37,'cumque',522,NULL,1,'2018-03-09 08:33:21','2012-11-21 16:19:22'),(38,38,'libero',2547,NULL,1,'2013-03-02 09:13:17','2015-05-30 17:36:59'),(39,39,'sint',1759,NULL,1,'2012-08-02 19:39:51','2016-12-20 09:55:27'),(40,40,'illo',540,NULL,1,'2015-01-22 13:52:21','2011-08-25 09:26:28'),(41,41,'dolore',1228,NULL,1,'2014-04-29 05:49:51','2019-02-01 14:25:18'),(42,42,'reiciendis',2642,NULL,1,'2013-05-23 07:44:04','2011-06-13 21:23:04'),(43,43,'iste',1241,NULL,1,'2018-12-16 01:28:12','2011-06-17 13:04:27'),(44,44,'suscipit',846,NULL,1,'2018-01-21 20:18:57','2014-10-10 00:19:41'),(45,45,'in',374,NULL,1,'2018-05-12 23:19:45','2014-12-15 02:38:55'),(46,46,'est',424,NULL,1,'2013-08-13 12:43:52','2011-02-01 01:23:07'),(47,47,'eum',2594,NULL,1,'2018-03-04 17:12:57','2012-09-06 00:44:06'),(48,48,'vitae',2225,NULL,1,'2018-05-05 03:16:18','2016-09-10 01:51:23'),(49,49,'expedita',867,NULL,1,'2017-12-24 15:41:26','2010-09-20 23:09:49'),(50,50,'molestias',1095,NULL,1,'2013-08-10 03:13:36','2012-06-19 17:06:33'),(51,51,'dolores',288,NULL,1,'2013-10-07 07:11:28','2017-04-08 22:06:26'),(52,52,'nihil',2115,NULL,1,'2019-08-20 00:48:17','2015-06-30 08:11:55'),(53,53,'dolorem',1403,NULL,1,'2016-10-07 04:43:13','2011-07-31 17:09:05'),(54,54,'cum',591,NULL,1,'2010-10-11 19:52:06','2012-02-04 18:59:15'),(55,55,'ipsam',1177,NULL,1,'2018-08-04 13:44:23','2016-03-18 16:02:55'),(56,56,'fugit',2242,NULL,1,'2015-11-22 12:10:45','2011-09-04 19:05:45'),(57,57,'doloremque',1892,NULL,1,'2019-10-19 07:32:46','2015-01-05 23:10:03'),(58,58,'rem',1843,NULL,1,'2018-11-30 21:06:20','2017-02-04 13:29:11'),(59,59,'unde',2981,NULL,1,'2015-02-11 20:29:59','2016-10-25 06:31:42'),(60,60,'recusandae',116,NULL,1,'2011-02-10 05:53:01','2012-05-31 20:18:11'),(61,61,'at',2438,NULL,1,'2013-10-05 18:38:40','2013-05-27 01:06:43'),(62,62,'nam',1193,NULL,1,'2011-02-09 12:04:31','2019-05-20 09:18:26'),(63,63,'accusantium',2814,NULL,1,'2017-07-04 17:24:14','2018-03-29 06:41:48'),(64,64,'animi',1882,NULL,1,'2016-07-17 04:06:01','2019-08-26 12:29:35'),(65,65,'saepe',1304,NULL,1,'2015-08-22 07:55:31','2014-04-28 16:53:28'),(66,66,'earum',487,NULL,1,'2019-10-25 14:10:00','2012-05-03 07:49:29'),(67,67,'harum',1726,NULL,1,'2014-10-10 22:50:07','2017-07-23 15:00:51'),(68,68,'provident',2690,NULL,1,'2015-02-26 09:47:56','2014-12-25 19:19:16'),(69,69,'magnam',1482,NULL,1,'2018-09-25 08:14:34','2014-07-28 23:10:40'),(70,70,'neque',1127,NULL,1,'2017-03-22 07:49:25','2012-03-15 22:06:37'),(71,71,'nemo',2003,NULL,1,'2019-01-17 09:16:34','2019-12-31 02:19:48'),(72,72,'non',2688,NULL,1,'2016-09-04 13:34:57','2018-11-13 15:04:08'),(73,73,'doloribus',2533,NULL,1,'2018-07-09 00:54:26','2020-01-07 05:18:03'),(74,74,'repudiandae',967,NULL,1,'2018-02-13 13:55:27','2014-04-29 01:55:26'),(75,75,'laudantium',2032,NULL,1,'2016-10-03 04:48:27','2012-03-06 03:43:56'),(76,76,'omnis',578,NULL,1,'2017-06-23 08:12:51','2018-02-24 09:05:52'),(77,77,'maxime',2260,NULL,1,'2010-11-21 06:06:32','2019-04-11 07:45:10'),(78,78,'exercitationem',639,NULL,1,'2014-04-24 20:51:07','2018-05-08 17:11:53'),(79,79,'beatae',2283,NULL,1,'2011-10-13 11:45:27','2017-12-03 03:46:15'),(80,80,'possimus',1133,NULL,1,'2011-06-15 03:08:39','2016-07-06 02:05:42'),(81,81,'quaerat',1453,NULL,1,'2014-12-11 21:26:34','2020-02-25 15:27:05'),(82,82,'ab',306,NULL,1,'2016-05-26 01:17:06','2017-02-23 21:33:36'),(83,83,'occaecati',330,NULL,1,'2020-06-26 18:14:42','2012-05-10 02:44:29'),(84,84,'consequuntur',2713,NULL,1,'2011-01-23 11:35:53','2015-05-09 12:50:45'),(85,85,'officia',311,NULL,1,'2012-06-25 07:14:12','2020-01-20 15:11:08'),(86,86,'ea',1054,NULL,1,'2015-01-02 04:18:22','2019-12-30 22:09:11'),(87,87,'voluptates',1637,NULL,1,'2015-05-30 12:23:38','2012-05-20 05:46:56'),(88,88,'accusamus',1244,NULL,1,'2012-10-18 20:23:27','2016-04-03 05:26:22'),(89,89,'quibusdam',798,NULL,1,'2017-03-11 13:24:37','2015-03-23 17:04:06'),(90,90,'nesciunt',1659,NULL,1,'2011-05-23 02:11:39','2018-05-23 09:51:18'),(91,91,'necessitatibus',2823,NULL,1,'2019-12-11 23:31:58','2013-08-12 22:33:06'),(92,92,'atque',2218,NULL,1,'2012-06-10 18:02:09','2016-10-17 21:26:46'),(93,93,'soluta',942,NULL,1,'2018-09-14 09:13:43','2019-11-01 14:38:43'),(94,94,'enim',436,NULL,1,'2011-12-05 04:48:39','2013-01-31 21:09:03'),(95,95,'quidem',908,NULL,1,'2017-10-23 09:51:24','2013-01-03 21:38:32'),(96,96,'ullam',1867,NULL,1,'2016-05-20 12:25:17','2017-07-15 02:16:37'),(97,97,'fuga',704,NULL,1,'2018-02-21 13:39:22','2012-09-08 23:10:20'),(98,98,'perspiciatis',1010,NULL,1,'2012-02-04 14:31:12','2012-05-11 15:37:48'),(99,99,'impedit',1178,NULL,1,'2020-03-23 07:41:11','2019-02-02 19:52:24'),(100,100,'tempora',2057,NULL,1,'2012-06-11 09:57:00','2018-06-21 14:17:02');
/*!40000 ALTER TABLE `media` ENABLE KEYS */;
UNLOCK TABLES;

--
-- Table structure for table `media_types`
--

DROP TABLE IF EXISTS `media_types`;
/*!40101 SET @saved_cs_client     = @@character_set_client */;
/*!50503 SET character_set_client = utf8mb4 */;
CREATE TABLE `media_types` (
  `id` int unsigned NOT NULL AUTO_INCREMENT COMMENT 'Идентификатор строки',
  `name` varchar(255) CHARACTER SET utf8 COLLATE utf8_unicode_ci NOT NULL COMMENT 'Название типа',
  `created_at` datetime DEFAULT CURRENT_TIMESTAMP COMMENT 'Время создания строки',
  `updated_at` datetime DEFAULT CURRENT_TIMESTAMP ON UPDATE CURRENT_TIMESTAMP COMMENT 'Время обновления строки',
  PRIMARY KEY (`id`),
  UNIQUE KEY `name` (`name`)
) ENGINE=InnoDB AUTO_INCREMENT=4 DEFAULT CHARSET=utf8 COLLATE=utf8_unicode_ci COMMENT='Типы медиафайлов';
/*!40101 SET character_set_client = @saved_cs_client */;

--
-- Dumping data for table `media_types`
--

LOCK TABLES `media_types` WRITE;
/*!40000 ALTER TABLE `media_types` DISABLE KEYS */;
INSERT INTO `media_types` VALUES (1,'image','2017-07-05 15:21:11','2019-01-03 13:17:10'),(2,'video','2011-02-14 22:28:25','2017-06-18 08:44:17'),(3,'audio','2012-04-13 04:49:24','2010-12-10 00:31:15');
/*!40000 ALTER TABLE `media_types` ENABLE KEYS */;
UNLOCK TABLES;

--
-- Table structure for table `messages`
--

DROP TABLE IF EXISTS `messages`;
/*!40101 SET @saved_cs_client     = @@character_set_client */;
/*!50503 SET character_set_client = utf8mb4 */;
CREATE TABLE `messages` (
  `id` int unsigned NOT NULL AUTO_INCREMENT COMMENT 'Идентификатор строки',
  `from_user_id` int unsigned NOT NULL COMMENT 'Ссылка на отправителя сообщения',
  `to_user_id` int unsigned NOT NULL COMMENT 'Ссылка на получателя сообщения',
  `body` text CHARACTER SET utf8 COLLATE utf8_unicode_ci NOT NULL COMMENT 'Текст сообщения',
  `is_important` tinyint(1) DEFAULT NULL COMMENT 'Признак важности',
  `is_delivered` tinyint(1) DEFAULT NULL COMMENT 'Признак доставки',
  `created_at` datetime DEFAULT CURRENT_TIMESTAMP COMMENT 'Время создания строки',
  `updated_at` datetime DEFAULT CURRENT_TIMESTAMP ON UPDATE CURRENT_TIMESTAMP COMMENT 'Время обновления строки',
  PRIMARY KEY (`id`)
) ENGINE=InnoDB AUTO_INCREMENT=101 DEFAULT CHARSET=utf8 COLLATE=utf8_unicode_ci COMMENT='Сообщения';
/*!40101 SET character_set_client = @saved_cs_client */;

--
-- Dumping data for table `messages`
--

LOCK TABLES `messages` WRITE;
/*!40000 ALTER TABLE `messages` DISABLE KEYS */;
INSERT INTO `messages` VALUES (1,1,15,'Et possimus aliquam est inventore.',0,0,'2020-02-24 22:02:49','2020-03-11 04:31:13'),(2,2,73,'Quae fuga dicta debitis.',1,0,'2020-02-06 20:49:21','2020-01-24 15:46:46'),(3,3,32,'Qui tempora ut quaerat.',1,1,'2020-05-19 01:09:48','2019-08-29 20:02:14'),(4,4,78,'Beatae et iste quo voluptatem illum.',0,1,'2019-11-25 01:43:31','2020-01-03 09:19:05'),(5,5,14,'Possimus saepe dolorem quia.',1,1,'2019-09-15 00:23:21','2019-10-15 13:04:57'),(6,6,87,'Qui laboriosam dolorum qui ea eum tenetur et.',1,0,'2020-05-16 07:20:51','2020-08-04 17:12:25'),(7,7,14,'Excepturi voluptates quo beatae exercitationem.',0,0,'2020-07-11 02:21:50','2020-02-27 08:56:10'),(8,8,72,'Maiores quas iure dolores sed.',0,0,'2020-07-03 15:59:20','2020-01-20 15:14:47'),(9,9,28,'Velit est nobis earum ut qui eius.',1,0,'2020-08-17 21:02:09','2020-06-12 22:45:28'),(10,10,99,'Illo accusantium porro quis qui sed.',1,0,'2020-02-02 19:30:22','2020-08-17 01:24:21'),(11,11,11,'Totam est sequi eaque rerum.',1,0,'2019-11-18 02:44:27','2020-06-18 10:28:37'),(12,12,86,'Aut officia ipsa possimus.',0,0,'2019-12-21 16:13:08','2019-09-01 11:08:55'),(13,13,98,'Accusantium error sequi est numquam.',1,1,'2020-03-17 00:19:38','2020-02-18 04:50:49'),(14,14,91,'Eos error sint quibusdam molestiae.',1,0,'2020-05-06 08:08:10','2020-06-01 22:39:41'),(15,15,40,'Et odit modi nemo sunt quibusdam saepe quisquam.',0,0,'2020-03-15 16:25:02','2019-12-07 00:14:32'),(16,16,27,'Quis aspernatur in reiciendis optio numquam.',1,1,'2020-01-13 04:10:14','2019-10-20 14:51:38'),(17,17,1,'Recusandae qui architecto nihil.',1,1,'2019-09-14 19:11:05','2020-05-22 08:16:46'),(18,18,19,'Accusamus sapiente aut quo animi recusandae.',1,0,'2020-01-30 00:19:42','2019-09-14 03:25:48'),(19,19,26,'Corporis vel dolores veniam cum corrupti id.',1,0,'2020-07-01 19:54:30','2019-11-02 02:09:13'),(20,20,80,'Nesciunt accusantium et quam aut et.',0,1,'2020-01-24 05:15:09','2020-07-09 05:17:47'),(21,21,51,'Deleniti sed excepturi animi consectetur nihil.',0,0,'2020-04-22 09:36:59','2019-12-28 06:19:05'),(22,22,51,'Rerum cum unde sint est id.',1,0,'2020-01-05 15:34:39','2020-02-07 18:07:32'),(23,23,50,'Qui nostrum et numquam nulla quos dolorem.',0,0,'2020-05-12 08:00:55','2020-02-20 00:16:35'),(24,24,80,'Debitis vel magni quae molestiae.',1,1,'2020-07-08 07:23:17','2019-10-15 02:25:16'),(25,25,94,'Reiciendis ipsam dolores praesentium doloremque.',0,1,'2020-04-30 05:22:20','2020-03-14 16:14:46'),(26,26,24,'Id aut autem atque debitis ea illo.',0,1,'2020-05-02 06:02:37','2020-01-13 01:21:42'),(27,27,55,'Aut ullam numquam aperiam pariatur quia debitis.',1,0,'2020-05-22 08:13:51','2020-01-08 22:40:10'),(28,28,80,'Nemo quam ea atque ea quis id mollitia.',1,1,'2019-08-20 16:14:14','2020-04-04 01:29:39'),(29,29,36,'Et laborum dolor doloremque officia et.',1,1,'2019-09-29 22:09:37','2020-07-14 04:44:18'),(30,30,30,'Qui dolor dignissimos enim.',0,0,'2019-12-12 00:41:24','2020-03-17 19:06:25'),(31,31,87,'Est voluptatum molestiae enim rerum ratione.',1,0,'2019-08-31 13:10:16','2019-12-26 21:11:51'),(32,32,51,'Molestiae nam quos sed voluptatem et eum nostrum.',1,0,'2019-12-01 23:15:29','2020-03-24 04:35:16'),(33,33,3,'Est non ratione reiciendis quisquam.',1,0,'2020-05-12 08:33:48','2020-05-14 18:59:40'),(34,34,19,'Error veritatis quam sit optio.',0,1,'2020-02-29 00:43:01','2019-11-19 05:57:58'),(35,35,28,'Sed iusto repellat ab.',1,0,'2020-02-11 18:34:07','2020-03-18 03:47:49'),(36,36,16,'Ut ea minima sapiente est fugit.',1,1,'2020-06-23 05:34:54','2020-08-14 12:51:11'),(37,37,5,'Itaque accusamus et vero est autem itaque.',1,1,'2020-07-09 17:57:07','2020-02-01 16:24:20'),(38,38,41,'Voluptate in est at et nihil enim et harum.',0,0,'2020-07-21 06:16:48','2020-04-20 21:02:39'),(39,39,88,'Et placeat sequi sed ab est in.',0,0,'2019-11-10 04:47:14','2019-12-18 04:21:03'),(40,40,33,'Voluptatem nemo ipsa non rem.',0,0,'2019-09-25 17:31:42','2020-05-05 02:19:28'),(41,41,40,'Eum repellat ut incidunt maiores hic enim.',1,1,'2019-12-18 01:58:44','2020-03-27 12:19:13'),(42,42,98,'Maxime consequuntur qui velit explicabo quasi.',1,1,'2019-11-09 04:35:10','2019-11-02 18:13:30'),(43,43,18,'Ut quibusdam autem eos facere quisquam accusamus.',1,0,'2020-04-28 15:05:44','2019-11-02 06:35:06'),(44,44,38,'Unde vel ut blanditiis.',1,1,'2019-11-25 22:57:53','2020-02-22 22:21:24'),(45,45,89,'Quam praesentium quas quod quia debitis enim et.',1,0,'2020-06-16 01:04:49','2020-08-08 02:42:24'),(46,46,58,'Mollitia error deleniti doloribus consequatur.',1,1,'2019-11-27 04:43:15','2020-03-12 03:43:20'),(47,47,64,'Quo quasi cupiditate non a molestiae.',1,0,'2020-01-31 11:26:59','2019-11-21 20:00:35'),(48,48,90,'Nisi ex aut rerum voluptatem fuga ipsa.',1,1,'2020-06-20 01:37:12','2020-01-26 18:51:39'),(49,49,76,'Neque iste aut vel cumque odio.',0,1,'2019-10-15 02:28:26','2019-09-25 06:58:00'),(50,50,90,'Ut vitae reprehenderit quaerat at a at.',0,1,'2020-08-06 23:37:55','2019-09-03 13:59:25'),(51,51,69,'Nam provident quia ut eaque.',0,1,'2020-01-19 14:32:56','2020-07-08 16:59:05'),(52,52,27,'Omnis excepturi repellendus et optio.',0,1,'2020-03-18 08:09:17','2020-08-11 12:24:54'),(53,53,41,'Nisi consequatur doloribus qui et numquam.',0,0,'2019-10-11 17:39:53','2019-12-19 10:54:20'),(54,54,19,'Facere sunt et aut qui sapiente et.',1,0,'2020-07-06 05:05:36','2020-06-23 13:55:35'),(55,55,6,'Et repudiandae magni ex ab.',1,1,'2020-02-24 06:55:55','2020-07-07 03:46:02'),(56,56,34,'Assumenda ad quas rerum soluta.',0,0,'2020-06-01 01:25:15','2019-12-01 02:52:04'),(57,57,42,'Amet qui laborum tempora ut dolores quo repellat.',1,0,'2020-05-02 09:12:08','2019-11-21 01:56:41'),(58,58,60,'Quidem at ea officiis.',1,1,'2020-04-26 10:42:02','2020-01-26 06:41:16'),(59,59,14,'Rerum ducimus itaque perspiciatis qui itaque qui.',0,0,'2020-01-03 12:17:36','2020-02-12 05:39:30'),(60,60,77,'Sed possimus amet rerum dolor.',0,1,'2020-04-04 18:29:17','2019-09-29 08:02:05'),(61,61,89,'Esse aspernatur sint aliquid veniam consectetur.',0,1,'2020-06-02 09:01:28','2020-05-05 02:31:05'),(62,62,1,'Distinctio velit tenetur atque.',0,1,'2020-04-17 13:44:12','2020-03-07 09:14:08'),(63,63,27,'Doloribus numquam omnis dolorem accusantium est.',1,1,'2020-06-26 13:33:49','2020-02-01 07:23:28'),(64,64,92,'Iure non totam id atque aperiam est.',1,0,'2019-12-01 00:11:28','2020-03-09 06:23:49'),(65,65,19,'Est magni autem sunt sed sunt.',0,0,'2019-11-16 05:47:25','2020-06-23 05:51:07'),(66,66,55,'Perspiciatis sit modi temporibus hic aperiam.',0,0,'2019-10-26 12:26:17','2019-09-22 06:40:00'),(67,67,7,'Sint quod voluptas sed ipsum vel aliquid error.',0,0,'2020-05-06 15:16:22','2019-10-15 12:04:54'),(68,68,24,'Non occaecati exercitationem sapiente autem fuga.',1,1,'2020-03-03 16:39:39','2020-03-12 02:08:38'),(69,69,96,'Dolore vitae rerum in sit harum animi quia.',1,0,'2019-12-08 20:47:39','2020-07-14 08:01:38'),(70,70,94,'Quia dolor numquam nam ad.',1,0,'2020-01-28 07:55:52','2020-06-10 13:26:46'),(71,71,56,'Reprehenderit magni aut architecto.',1,1,'2020-02-09 07:24:10','2020-07-03 10:14:47'),(72,72,35,'Ullam dolores provident et cumque quo sed ut ut.',1,1,'2019-08-21 11:02:37','2020-05-23 19:50:03'),(73,73,92,'Ducimus tempore id itaque aut minus.',1,1,'2020-04-19 23:59:46','2020-03-20 03:42:41'),(74,74,74,'Dolor quam quae ipsam nisi.',1,1,'2020-07-06 22:04:50','2020-03-09 20:25:50'),(75,75,73,'Quia repellendus neque ratione nihil in.',0,1,'2020-01-11 21:42:25','2020-02-29 02:41:09'),(76,76,81,'A rerum deleniti velit unde soluta.',0,0,'2020-02-02 07:02:43','2019-11-16 07:48:51'),(77,77,32,'Repellat et quibusdam reprehenderit omnis.',1,0,'2019-10-12 12:43:43','2019-08-27 06:24:05'),(78,78,37,'Iusto ea dolorem esse atque.',0,1,'2020-04-11 05:49:13','2019-12-26 02:04:06'),(79,79,70,'Occaecati nobis officiis sed autem voluptas.',1,1,'2019-10-12 13:18:20','2019-11-22 20:39:42'),(80,80,8,'Minus nemo ipsum est et quo ut in alias.',0,0,'2020-05-25 18:06:58','2020-06-09 22:49:40'),(81,81,26,'Est qui eveniet soluta id.',0,0,'2019-09-04 07:27:22','2019-10-31 08:55:43'),(82,82,39,'Provident laudantium inventore tempore ab.',0,0,'2019-10-22 11:36:49','2020-03-18 00:51:31'),(83,83,34,'At ut earum adipisci ex tempore non nulla.',1,1,'2020-04-05 09:06:59','2020-05-08 21:39:31'),(84,84,66,'Nisi corporis totam rem delectus.',0,0,'2019-11-11 20:48:39','2020-01-17 11:58:35'),(85,85,57,'Id rem quo ut consequatur.',0,0,'2020-04-30 21:14:18','2020-06-02 08:24:07'),(86,86,39,'Repellat ab inventore quia aut rem quos ea magni.',1,0,'2020-07-03 23:08:30','2020-05-25 16:48:15'),(87,87,100,'Et earum quo reiciendis aut quis iste.',1,1,'2020-05-24 14:38:59','2019-09-04 11:54:00'),(88,88,98,'Perspiciatis et officia veritatis sunt.',1,1,'2019-09-10 19:32:24','2020-08-15 04:29:19'),(89,89,99,'Ipsa enim sit et mollitia.',0,0,'2019-10-09 12:28:52','2019-12-19 12:26:09'),(90,90,14,'Nam velit nostrum excepturi odit asperiores.',1,1,'2020-06-05 05:39:55','2019-12-25 03:10:36'),(91,91,75,'Aut ipsum qui qui dicta in omnis amet.',1,1,'2019-10-10 16:34:30','2020-05-06 09:23:31'),(92,92,87,'Quasi modi aut et rerum corporis deleniti nam.',0,1,'2019-09-07 06:30:36','2020-06-13 19:46:00'),(93,93,14,'Expedita commodi aliquam neque dolores tenetur.',1,1,'2019-11-17 18:18:33','2019-11-22 20:45:13'),(94,94,2,'Aut nihil iste at et ut.',1,1,'2020-07-27 23:11:30','2020-02-10 23:53:13'),(95,95,78,'Qui libero non corporis ducimus praesentium.',0,0,'2019-12-07 08:38:18','2020-08-18 17:55:05'),(96,96,32,'Molestiae mollitia et eum.',1,0,'2020-01-27 11:25:14','2020-02-28 00:52:20'),(97,97,56,'Dolore nam quia incidunt error maxime qui.',1,0,'2019-11-24 01:31:17','2019-09-16 23:03:25'),(98,98,85,'Rem et ipsa atque praesentium.',0,0,'2020-02-27 19:46:43','2020-07-17 23:56:23'),(99,99,56,'Autem voluptates officia rerum corrupti nam et.',0,1,'2020-02-09 03:46:26','2020-06-27 07:04:07'),(100,100,51,'Deserunt ullam quia non qui eum eum.',0,1,'2020-08-04 21:50:36','2020-03-29 22:39:04');
/*!40000 ALTER TABLE `messages` ENABLE KEYS */;
UNLOCK TABLES;

--
-- Table structure for table `profiles`
--

DROP TABLE IF EXISTS `profiles`;
/*!40101 SET @saved_cs_client     = @@character_set_client */;
/*!50503 SET character_set_client = utf8mb4 */;
CREATE TABLE `profiles` (
  `user_id` int unsigned NOT NULL COMMENT 'Ссылка на пользователя',
  `gender` char(1) CHARACTER SET utf8 COLLATE utf8_unicode_ci NOT NULL COMMENT 'Пол',
  `birthday` date DEFAULT NULL COMMENT 'Дата рождения',
  `photo_id` int unsigned DEFAULT NULL COMMENT 'Ссылка на основную фотографию пользователя',
  `city` varchar(130) CHARACTER SET utf8 COLLATE utf8_unicode_ci DEFAULT NULL COMMENT 'Город проживания',
  `country` varchar(130) CHARACTER SET utf8 COLLATE utf8_unicode_ci DEFAULT NULL COMMENT 'Страна проживания',
  `created_at` datetime DEFAULT CURRENT_TIMESTAMP COMMENT 'Время создания строки',
  `updated_at` datetime DEFAULT CURRENT_TIMESTAMP ON UPDATE CURRENT_TIMESTAMP COMMENT 'Время обновления строки',
  PRIMARY KEY (`user_id`)
) ENGINE=InnoDB DEFAULT CHARSET=utf8 COLLATE=utf8_unicode_ci COMMENT='Профили';
/*!40101 SET character_set_client = @saved_cs_client */;

--
-- Dumping data for table `profiles`
--

LOCK TABLES `profiles` WRITE;
/*!40000 ALTER TABLE `profiles` DISABLE KEYS */;
INSERT INTO `profiles` VALUES (1,'m','1975-09-13',1,'Port Tomton','Colombia','2014-10-28 00:02:35','2016-07-02 13:24:51'),(2,'m','2015-12-08',2,'Port Francescoshire','Panama','2011-05-16 13:39:53','2017-10-14 20:28:28'),(3,'m','2006-11-06',3,'South Kaileychester','Uganda','2019-12-05 15:00:46','2014-10-03 11:02:26'),(4,'m','1986-03-29',4,'Heaneyview','Lao People\'s Democratic Republic','2016-08-26 16:16:39','2018-07-28 21:31:30'),(5,'m','1990-05-12',5,'East Gloria','Madagascar','2011-04-15 23:33:27','2016-01-21 18:53:15'),(6,'f','1982-02-01',6,'West Cecil','Guatemala','2018-10-04 01:06:42','2012-03-23 06:24:09'),(7,'m','2003-10-25',7,'Lake Jackieland','Equatorial Guinea','2018-12-23 01:10:53','2013-12-31 07:48:20'),(8,'f','1977-08-28',8,'Powlowskishire','Belgium','2016-06-20 11:39:24','2019-09-21 09:26:35'),(9,'m','1986-09-30',9,'Johnstonfort','Holy See (Vatican City State)','2012-03-01 14:16:42','2013-04-22 12:29:03'),(10,'f','1994-03-24',10,'South Jaylan','Cyprus','2015-11-17 23:55:49','2015-07-08 09:58:25'),(11,'m','2002-09-12',11,'Port Hilda','Antigua and Barbuda','2018-12-12 13:01:20','2018-08-07 16:20:10'),(12,'f','1996-08-28',12,'Lake Emelia','Slovakia (Slovak Republic)','2014-05-17 14:08:22','2014-09-21 05:17:50'),(13,'m','2019-09-03',13,'West Caitlyn','Reunion','2012-05-23 15:54:46','2013-04-26 13:38:10'),(14,'m','1990-04-25',14,'New Bertramfurt','Morocco','2019-02-18 02:27:38','2013-06-01 04:06:13'),(15,'m','1996-02-06',15,'Jaskolskibury','Zambia','2014-10-30 17:09:30','2017-11-10 23:54:20'),(16,'f','1993-06-06',16,'Mariaborough','Saint Martin','2015-05-01 03:46:47','2020-04-30 14:23:38'),(17,'m','2018-05-24',17,'Hicklechester','Korea','2017-04-18 14:03:29','2018-04-07 23:07:15'),(18,'m','2014-10-04',18,'New Gretatown','Zambia','2014-01-23 16:32:36','2018-10-21 19:26:36'),(19,'m','2015-12-11',19,'Connville','United States Minor Outlying Islands','2018-07-09 18:56:33','2015-11-10 11:49:25'),(20,'f','2015-11-30',20,'Lockmanshire','Gabon','2018-11-21 00:22:13','2020-06-14 02:35:06'),(21,'m','1979-08-18',21,'Lake Magnoliahaven','Cyprus','2018-04-16 05:53:40','2017-10-23 15:48:22'),(22,'m','2017-01-13',22,'Handburgh','Georgia','2019-11-17 22:34:49','2020-04-24 21:33:10'),(23,'f','1970-07-31',23,'Quigleytown','Switzerland','2020-04-27 09:01:15','2018-04-03 23:07:29'),(24,'m','1987-12-10',24,'West Krystina','Israel','2011-10-09 05:16:05','2015-01-07 03:48:02'),(25,'f','2014-02-01',25,'Claudiebury','Saint Barthelemy','2020-07-13 04:01:29','2016-04-13 17:49:24'),(26,'m','1974-01-21',26,'South Dawn','Seychelles','2017-02-22 20:16:28','2017-07-07 14:00:18'),(27,'f','2009-11-08',27,'South Paige','Liechtenstein','2020-04-07 17:54:45','2014-01-06 09:51:03'),(28,'f','1975-01-16',28,'South Erwinshire','Cote d\'Ivoire','2019-07-31 01:03:16','2014-03-22 08:23:27'),(29,'m','2013-03-28',29,'Konopelskiburgh','Singapore','2017-09-09 22:58:46','2011-01-09 03:14:41'),(30,'f','1990-03-30',30,'New Elisabethmouth','Equatorial Guinea','2014-03-23 14:34:40','2015-09-19 20:37:32'),(31,'m','2019-12-21',31,'Greenmouth','Kyrgyz Republic','2016-07-12 13:00:10','2019-10-02 03:23:14'),(32,'m','1997-08-01',32,'Moenport','Yemen','2019-01-01 09:53:46','2016-07-10 00:51:02'),(33,'f','2000-03-28',33,'South Devontefort','Lesotho','2018-10-24 08:45:37','2017-12-20 11:52:20'),(34,'f','1979-01-02',34,'Leschbury','Uzbekistan','2012-01-19 18:27:25','2020-05-27 07:47:52'),(35,'m','1983-03-12',35,'Leximouth','Eritrea','2018-04-03 11:24:31','2015-11-22 05:54:37'),(36,'m','1986-11-16',36,'Ezraview','Saint Lucia','2017-10-18 11:25:01','2012-03-19 04:25:32'),(37,'f','1993-08-19',37,'New Urbanton','Northern Mariana Islands','2016-06-10 16:25:36','2018-10-16 21:41:56'),(38,'m','1970-09-30',38,'Trantowchester','Lebanon','2019-06-12 04:52:49','2010-10-22 06:14:28'),(39,'m','2013-06-15',39,'Padbergbury','Cape Verde','2018-05-21 03:28:57','2010-12-16 01:17:38'),(40,'m','1985-09-27',40,'East Queenie','Guyana','2010-12-09 09:37:05','2019-02-04 13:28:48'),(41,'f','2004-01-29',41,'North Antoinette','Botswana','2018-05-20 01:25:40','2018-10-02 08:24:38'),(42,'m','1981-04-21',42,'North Lewisfort','Saint Kitts and Nevis','2016-05-12 02:16:37','2016-02-29 17:40:50'),(43,'m','2009-12-28',43,'Orphabury','Nepal','2014-03-05 20:45:37','2016-01-22 12:13:53'),(44,'m','1984-02-25',44,'Port Liliana','Lithuania','2012-04-13 13:48:10','2014-05-22 14:03:36'),(45,'m','1980-08-25',45,'Meredithtown','French Guiana','2015-04-19 14:47:35','2020-06-20 14:57:25'),(46,'f','1991-10-25',46,'North Iciechester','New Zealand','2013-10-12 01:50:22','2012-05-05 12:23:41'),(47,'f','1977-06-21',47,'Lelandborough','French Polynesia','2014-12-07 02:15:33','2011-10-18 20:23:30'),(48,'m','1975-11-16',48,'Nellieville','Guernsey','2019-07-22 21:21:48','2015-09-06 17:13:40'),(49,'f','2019-02-12',49,'Anniehaven','Dominican Republic','2018-02-23 09:46:25','2010-11-05 13:29:42'),(50,'f','1987-02-19',50,'South Lincolnmouth','Turkmenistan','2011-07-09 08:44:56','2010-12-24 03:04:43'),(51,'f','2000-08-01',51,'New Diana','Malawi','2013-10-01 20:54:25','2015-02-06 17:57:08'),(52,'m','1972-01-16',52,'Cassandraville','Albania','2017-04-05 06:39:10','2016-10-09 23:52:00'),(53,'f','1984-11-24',53,'East Verdafort','Monaco','2014-05-22 17:10:32','2016-11-09 12:38:10'),(54,'m','1997-07-24',54,'New Alexandrea','Timor-Leste','2012-08-27 06:45:12','2016-01-20 11:34:46'),(55,'f','2017-09-29',55,'Port Eileen','Ghana','2020-05-08 14:49:25','2017-09-09 00:30:09'),(56,'m','2013-10-10',56,'North Alanaton','United States Minor Outlying Islands','2019-07-16 18:03:01','2018-05-21 19:15:23'),(57,'m','1973-11-13',57,'Dillonberg','United States Virgin Islands','2012-06-27 05:43:10','2017-05-01 20:31:52'),(58,'m','1987-01-07',58,'Lake Ervin','Trinidad and Tobago','2019-08-16 17:27:25','2012-03-16 07:03:17'),(59,'m','2012-04-14',59,'West Donnamouth','Estonia','2019-12-22 08:51:46','2011-02-10 07:48:28'),(60,'m','1970-01-20',60,'North Valentin','Japan','2019-03-09 14:43:18','2020-02-05 11:42:17'),(61,'f','1998-03-09',61,'Macejkovichaven','Kenya','2013-05-04 10:05:01','2018-10-31 22:18:02'),(62,'f','2018-10-30',62,'West Oranstad','Singapore','2011-12-05 06:10:03','2016-02-23 20:04:36'),(63,'f','2002-08-25',63,'South Corinestad','Cameroon','2013-07-15 08:29:03','2016-07-09 01:18:46'),(64,'f','2015-01-13',64,'East Ashtyn','Saint Vincent and the Grenadines','2019-08-11 23:47:28','2014-11-22 22:02:01'),(65,'f','2004-09-18',65,'Kraigville','Iraq','2016-01-01 12:31:00','2013-07-19 11:27:33'),(66,'f','2019-11-12',66,'Lillianamouth','Niue','2017-10-14 11:53:38','2014-08-15 08:06:46'),(67,'f','1998-05-22',67,'Meganefurt','Senegal','2012-02-23 19:21:18','2020-04-24 00:42:53'),(68,'m','1993-12-04',68,'North Harmon','Bouvet Island (Bouvetoya)','2015-01-02 21:44:50','2015-07-13 22:30:50'),(69,'f','1971-01-06',69,'Port Claudia','Guam','2015-09-24 19:16:35','2016-06-20 07:54:40'),(70,'f','1997-10-06',70,'Amanitown','Vanuatu','2013-11-01 09:10:48','2010-12-10 20:54:30'),(71,'f','2011-08-27',71,'Johnsbury','Greece','2016-12-05 17:34:11','2014-10-30 06:45:47'),(72,'m','2019-01-20',72,'South Christina','Tokelau','2017-09-19 03:28:59','2014-09-19 09:57:35'),(73,'f','1984-08-24',73,'Thelmashire','Guam','2011-11-23 08:28:26','2017-11-28 13:33:48'),(74,'m','2013-10-01',74,'Todside','Libyan Arab Jamahiriya','2013-10-08 19:32:25','2017-02-12 09:30:26'),(75,'f','1975-04-25',75,'Jamelmouth','Congo','2013-10-09 20:12:18','2013-07-19 10:20:34'),(76,'f','1980-10-06',76,'Marcelinahaven','French Southern Territories','2011-05-17 13:18:27','2019-04-22 09:19:22'),(77,'f','1980-12-07',77,'Port Alice','United States Minor Outlying Islands','2017-08-07 07:33:22','2014-08-28 16:51:24'),(78,'f','2015-11-30',78,'Macyland','Zambia','2019-10-26 09:49:17','2011-11-12 06:30:30'),(79,'f','1994-06-16',79,'East Tessie','Algeria','2011-04-16 16:38:25','2019-02-18 17:31:45'),(80,'f','1981-08-01',80,'Lake Murraychester','Sao Tome and Principe','2019-01-11 07:23:42','2011-07-30 05:20:29'),(81,'f','1977-10-04',81,'Jovanistad','Saint Martin','2012-08-22 09:34:19','2019-08-16 22:10:45'),(82,'m','2013-11-03',82,'Port Margretborough','Eritrea','2015-01-16 10:30:17','2014-03-31 21:51:40'),(83,'m','1974-12-19',83,'Breannaborough','Cuba','2011-05-24 05:23:41','2013-08-19 19:53:18'),(84,'f','1984-02-04',84,'Brownfurt','Hungary','2019-11-04 22:47:18','2020-06-05 03:47:23'),(85,'f','1992-12-06',85,'Margarettfort','Andorra','2013-12-09 20:27:05','2018-05-27 15:07:20'),(86,'m','2018-09-04',86,'Richardmouth','Canada','2017-07-16 13:42:08','2012-07-27 05:22:20'),(87,'f','1970-10-16',87,'North Emoryton','Kiribati','2012-07-02 18:04:17','2011-08-05 05:09:28'),(88,'m','1994-01-06',88,'East Annetta','Saint Martin','2011-11-19 19:01:37','2016-10-26 17:49:39'),(89,'m','1994-01-12',89,'Port Treviontown','Georgia','2011-03-15 00:01:12','2016-10-17 01:03:19'),(90,'f','2007-04-09',90,'Port Herminio','Tunisia','2016-10-30 03:32:45','2017-02-20 23:57:57'),(91,'f','1993-08-06',91,'Fritschburgh','Bosnia and Herzegovina','2014-07-10 00:00:07','2012-08-18 13:44:58'),(92,'f','1973-12-13',92,'New Cullenhaven','Malta','2013-03-13 18:26:43','2016-03-06 02:55:08'),(93,'m','1986-03-19',93,'Lake Adaline','Somalia','2012-05-23 13:12:09','2013-06-15 21:04:22'),(94,'m','1995-12-01',94,'Eugeniatown','British Indian Ocean Territory (Chagos Archipelago)','2016-01-23 09:09:55','2019-04-07 00:09:33'),(95,'f','1997-12-14',95,'Abbeybury','Malawi','2019-12-15 19:33:55','2012-10-03 23:39:15'),(96,'m','1973-02-07',96,'Waylonland','Monaco','2013-01-19 21:37:37','2017-08-02 11:22:55'),(97,'m','2004-12-23',97,'Mertzmouth','Falkland Islands (Malvinas)','2019-04-03 08:31:03','2011-08-06 22:47:58'),(98,'m','2001-12-09',98,'North Hayleyburgh','Morocco','2019-04-29 04:11:00','2019-10-08 18:24:45'),(99,'m','1985-11-19',99,'Macieshire','Ghana','2017-01-23 09:32:17','2012-09-19 11:25:34'),(100,'f','1984-12-14',100,'Yvettestad','Guatemala','2017-08-22 22:58:13','2014-06-21 13:39:29');
/*!40000 ALTER TABLE `profiles` ENABLE KEYS */;
UNLOCK TABLES;

--
-- Table structure for table `users`
--

DROP TABLE IF EXISTS `users`;
/*!40101 SET @saved_cs_client     = @@character_set_client */;
/*!50503 SET character_set_client = utf8mb4 */;
CREATE TABLE `users` (
  `id` int unsigned NOT NULL AUTO_INCREMENT COMMENT 'Идентификатор строки',
  `first_name` varchar(100) CHARACTER SET utf8 COLLATE utf8_unicode_ci NOT NULL COMMENT 'Имя пользователя',
  `last_name` varchar(100) CHARACTER SET utf8 COLLATE utf8_unicode_ci NOT NULL COMMENT 'Фамилия пользователя',
  `email` varchar(100) CHARACTER SET utf8 COLLATE utf8_unicode_ci NOT NULL COMMENT 'Почта',
  `phone` varchar(100) CHARACTER SET utf8 COLLATE utf8_unicode_ci NOT NULL COMMENT 'Телефон',
  `created_at` datetime DEFAULT CURRENT_TIMESTAMP COMMENT 'Время создания строки',
  `updated_at` datetime DEFAULT CURRENT_TIMESTAMP ON UPDATE CURRENT_TIMESTAMP COMMENT 'Время обновления строки',
  PRIMARY KEY (`id`),
  UNIQUE KEY `email` (`email`),
  UNIQUE KEY `phone` (`phone`)
) ENGINE=InnoDB AUTO_INCREMENT=101 DEFAULT CHARSET=utf8 COLLATE=utf8_unicode_ci COMMENT='Пользователи';
/*!40101 SET character_set_client = @saved_cs_client */;

--
-- Dumping data for table `users`
--

LOCK TABLES `users` WRITE;
/*!40000 ALTER TABLE `users` DISABLE KEYS */;
INSERT INTO `users` VALUES (1,'Meredith','Sanford','renner.fermin@example.net','542-903-5327','2011-03-22 08:19:14','2011-12-31 01:21:19'),(2,'Ellsworth','Willms','hhauck@example.org','1-360-586-9079','2011-09-29 02:37:32','2019-02-11 10:33:21'),(3,'Leilani','Oberbrunner','vreilly@example.org','(839)716-4575','2014-07-20 09:34:07','2013-09-21 10:59:37'),(4,'Kenya','Haley','gglover@example.com','898.756.8745','2011-06-13 05:27:34','2018-06-10 09:06:56'),(5,'Zoie','Turcotte','christiana.kreiger@example.com','03017603453','2014-09-10 06:38:58','2017-08-28 05:04:30'),(6,'Elna','Larkin','mccullough.fred@example.org','917.523.9197x45381','2019-05-08 03:40:21','2012-01-13 15:44:33'),(7,'Tyrel','Lind','saul.zieme@example.com','(135)751-9983x384','2016-11-14 20:30:41','2013-03-28 08:57:44'),(8,'Amanda','Kunde','kenya75@example.com','1-360-036-1054x447','2019-05-23 19:15:29','2013-09-14 07:46:32'),(9,'Alexandrea','Pollich','nicolas.alysson@example.net','245.190.6731','2016-03-23 22:18:10','2019-06-07 16:19:09'),(10,'Clark','Rohan','greenfelder.frida@example.org','591-716-0028','2017-06-04 19:28:08','2016-01-03 15:42:38'),(11,'Dessie','Nicolas','ycronin@example.net','1-644-960-1648x217','2018-03-13 21:57:53','2012-04-26 04:06:12'),(12,'Violette','Ritchie','cortney.roberts@example.com','(169)370-2522x2754','2014-02-23 21:40:16','2016-03-04 07:21:23'),(13,'Coleman','Upton','laisha.schaefer@example.net','1-897-251-3754x96460','2019-02-10 09:15:34','2017-08-04 07:45:54'),(14,'Harmony','Mills','fnikolaus@example.org','1-178-261-2216','2020-01-23 05:05:17','2020-02-12 05:29:12'),(15,'Mathew','Klein','omarvin@example.com','(604)377-8191x00476','2011-11-24 19:10:50','2014-05-14 13:01:35'),(16,'Gaetano','Barton','tillman.felicia@example.com','(239)390-8014x9146','2017-03-08 09:54:42','2015-06-23 07:08:28'),(17,'Carolina','Schamberger','grant.pink@example.com','+16(8)0260830702','2013-03-10 06:38:19','2017-11-22 12:16:08'),(18,'Eriberto','Daugherty','rkreiger@example.org','157.213.5791x836','2018-08-31 03:15:57','2018-09-24 05:03:46'),(19,'Hanna','Gerhold','general35@example.net','417-686-0987x9199','2018-02-02 03:03:04','2018-03-14 10:39:32'),(20,'Alva','Barrows','ischaefer@example.net','1-373-289-5769x804','2018-03-23 18:03:15','2012-11-05 05:25:18'),(21,'Gisselle','Barton','cparker@example.org','+82(2)7770946469','2015-09-11 01:44:34','2012-12-13 11:01:09'),(22,'Evelyn','Bruen','tomas97@example.org','702-876-0328x154','2013-03-31 02:33:04','2020-06-24 04:03:50'),(23,'Herman','Lehner','fisher.brianne@example.net','+23(2)6847240046','2016-01-14 14:08:46','2011-08-22 23:56:52'),(24,'Ned','Bartell','erling.casper@example.org','(679)991-8402','2020-06-08 11:58:05','2013-12-07 04:53:24'),(25,'Remington','Jacobson','douglas.rosalia@example.net','(627)785-1430','2015-06-15 11:18:02','2016-12-17 04:38:20'),(26,'Nat','Welch','marielle.greenholt@example.com','(533)491-0560x323','2010-10-06 13:49:17','2015-12-12 14:31:24'),(27,'Rosamond','Stroman','christian98@example.org','1-081-020-7374x9411','2013-01-07 14:22:51','2019-10-12 17:45:41'),(28,'Fatima','Monahan','nader.kayleigh@example.com','(838)114-6061x2722','2018-01-31 01:37:41','2016-02-19 22:22:47'),(29,'Virginie','Prohaska','rippin.daphney@example.com','505-662-7270','2015-10-03 18:14:49','2016-12-18 02:26:10'),(30,'Fermin','Doyle','vkilback@example.org','1-030-891-1690x500','2013-01-14 07:03:14','2015-03-16 07:32:56'),(31,'Garrick','Sawayn','antonia83@example.com','+43(0)3597659458','2012-02-29 22:00:05','2017-08-09 10:14:58'),(32,'Kasey','Nikolaus','evie20@example.com','1-474-583-6910','2017-01-12 06:20:26','2012-11-07 19:03:31'),(33,'Luisa','Ziemann','walker.zora@example.org','(610)215-0911','2016-01-09 13:26:33','2014-10-21 00:28:53'),(34,'Emmitt','Kemmer','briana17@example.org','(501)730-1469x7420','2018-11-12 01:34:24','2014-06-25 14:08:48'),(35,'Iva','Treutel','izaiah.johnson@example.org','729.270.0288','2020-06-15 07:49:53','2019-01-21 04:38:55'),(36,'Chauncey','Crooks','corbin08@example.com','004-306-5077','2010-11-23 04:34:42','2011-05-14 17:14:47'),(37,'Trinity','Kerluke','skiles.sarina@example.org','983-404-7921x5828','2011-06-07 00:04:17','2010-11-21 21:06:36'),(38,'Elmo','Zieme','nitzsche.lorna@example.com','185.611.3642','2014-06-27 21:33:03','2016-11-18 04:23:57'),(39,'Sally','Brown','deshawn33@example.org','601-767-4048x0702','2017-09-14 15:38:06','2014-05-19 00:30:46'),(40,'Janick','Koch','kmoen@example.net','(049)766-1878x9830','2011-07-14 15:52:49','2014-08-15 14:03:32'),(41,'Nichole','Hyatt','nya.tremblay@example.com','(776)699-0144x70359','2020-05-02 19:25:16','2015-04-08 13:34:38'),(42,'Evangeline','Ritchie','hessel.carmela@example.net','+06(1)5451884566','2012-06-22 21:38:42','2011-06-21 18:04:19'),(43,'Adonis','Greenfelder','ecremin@example.net','(341)890-4928','2015-01-26 13:20:40','2014-06-15 23:38:56'),(44,'Oran','Haley','cbeier@example.com','(740)848-9545x50853','2012-10-11 14:24:25','2019-12-01 10:38:26'),(45,'Duane','Romaguera','d\'amore.sabryna@example.org','1-254-670-9740x64453','2016-12-10 16:46:19','2018-11-04 04:08:38'),(46,'Derek','Johnson','eloy.schuppe@example.org','+35(8)0815447980','2013-08-14 15:16:12','2016-08-25 12:55:33'),(47,'Ernestina','Koch','aniya92@example.org','614.897.7795x8027','2015-08-14 09:42:40','2016-05-29 18:40:19'),(48,'Shawn','Spinka','araceli.lang@example.net','729.486.9012x765','2014-11-06 10:32:42','2015-11-11 00:45:09'),(49,'Rosalia','Leannon','monserrat.grimes@example.net','354-782-3241x3740','2020-05-16 10:13:46','2012-02-06 08:16:21'),(50,'Felipe','Terry','beer.juvenal@example.net','793.007.8179x844','2012-11-04 05:31:25','2011-05-04 21:36:25'),(51,'George','Senger','vandervort.augusta@example.net','02309491489','2016-01-20 03:44:22','2018-03-16 12:16:38'),(52,'Jacky','Wintheiser','charley.hills@example.com','1-667-269-2724','2016-06-13 10:12:11','2014-11-13 04:07:43'),(53,'Andres','Fisher','vrempel@example.com','619-096-1904x8162','2017-01-05 02:30:25','2012-04-21 19:05:11'),(54,'Fannie','Fay','jade.kris@example.com','(804)885-2685','2019-02-23 12:04:13','2013-09-22 21:54:00'),(55,'Keven','Breitenberg','emile24@example.net','791.185.1660x75253','2012-04-19 18:17:55','2016-05-31 16:10:02'),(56,'Alex','Will','auer.bernice@example.com','761-057-5414','2017-12-10 12:44:50','2018-09-28 21:17:35'),(57,'Reese','Conroy','esperanza40@example.org','763.344.5019x6449','2016-10-07 02:19:31','2018-06-15 12:48:42'),(58,'Anthony','Lebsack','anais59@example.com','09037055267','2018-02-02 03:42:45','2015-11-11 08:37:34'),(59,'Harry','Sauer','jbernhard@example.net','1-921-020-2898x85608','2019-03-27 23:19:09','2019-09-01 02:54:48'),(60,'Emma','Hoppe','lucile.kirlin@example.org','+04(6)3923582598','2014-09-08 15:02:11','2015-03-22 13:40:15'),(61,'Bette','Rippin','connor23@example.org','(767)895-5783x13656','2012-05-24 07:21:50','2020-01-12 13:51:44'),(62,'Cordell','Hand','fay.dariana@example.org','06984130352','2017-11-23 19:09:32','2015-09-30 21:33:59'),(63,'Vergie','Predovic','kade90@example.net','(564)101-7807x1466','2014-02-06 04:26:06','2018-02-19 22:50:39'),(64,'Rhianna','Witting','bspencer@example.net','299.387.6046','2014-10-07 13:48:29','2014-01-07 18:12:53'),(65,'Corrine','Emard','schaefer.gaston@example.org','783.458.9891','2014-12-03 23:10:41','2020-01-22 04:21:26'),(66,'Hassan','Spinka','frami.kira@example.net','512.996.2514x251','2020-06-15 16:49:12','2020-06-23 11:10:24'),(67,'Tiara','Kris','dickinson.peter@example.net','(314)773-2664x80365','2012-04-20 07:33:03','2020-06-20 18:32:03'),(68,'Kelley','Murazik','wintheiser.mariela@example.net','(172)333-1765x30110','2016-05-26 14:30:24','2014-05-12 15:24:23'),(69,'Gina','King','darby14@example.org','790-745-9512x22660','2018-02-21 13:36:47','2019-08-25 10:59:44'),(70,'Peggie','Jacobi','streich.dustin@example.org','+00(8)4561962248','2015-09-18 17:43:47','2016-11-16 04:24:59'),(71,'Darryl','Jacobi','considine.ardith@example.org','(309)879-0074x348','2010-12-21 16:12:23','2016-01-19 19:05:48'),(72,'Jaida','Murphy','dpollich@example.net','984.247.5688x53470','2017-03-24 03:18:08','2018-02-10 20:10:49'),(73,'Delta','Predovic','antonina.klocko@example.net','565.201.9965','2012-12-16 14:22:07','2017-06-11 07:28:30'),(74,'Ryder','Johnson','vada.lesch@example.net','645-499-2296x6066','2017-05-24 19:21:00','2014-02-13 00:46:10'),(75,'Randal','Cremin','schulist.phyllis@example.org','00223872183','2015-05-03 14:21:35','2020-05-18 17:11:53'),(76,'Wallace','Armstrong','luella.kuvalis@example.org','(246)257-1102','2018-07-29 17:59:36','2019-12-15 19:12:44'),(77,'Leo','Weissnat','rowena.johns@example.com','831-366-8688x3293','2014-09-20 21:17:40','2011-04-15 14:44:47'),(78,'Pablo','Tillman','jerald.pagac@example.com','1-732-937-1841x84097','2016-11-05 08:45:33','2013-07-24 09:45:27'),(79,'Sigurd','Carter','aliya73@example.net','08867528246','2020-07-09 20:29:07','2018-10-20 09:20:07'),(80,'Elliot','Hoeger','anika46@example.com','+42(0)0955223658','2018-09-17 09:56:16','2013-05-16 22:24:28'),(81,'Ida','Monahan','xmarquardt@example.com','839.772.2344','2016-06-08 07:31:00','2015-07-26 04:38:15'),(82,'Xander','Hand','reyes63@example.net','01644625104','2017-02-25 07:55:12','2012-06-30 21:04:50'),(83,'Celine','Franecki','amiya26@example.com','(040)187-3684','2017-09-13 18:43:07','2011-05-01 02:55:55'),(84,'Chaim','Jenkins','qmills@example.org','1-985-115-9124x54172','2014-07-22 14:36:43','2017-10-23 08:11:17'),(85,'Arnoldo','Waelchi','dee26@example.com','(155)053-4205x61953','2020-02-19 16:25:10','2020-01-04 04:49:05'),(86,'Aglae','Kassulke','squitzon@example.org','450-674-5896','2011-09-27 13:14:55','2012-03-31 21:25:11'),(87,'Treva','Lakin','sortiz@example.com','(064)336-9922x951','2017-05-13 22:32:40','2017-06-17 09:29:05'),(88,'Weldon','Romaguera','lydia47@example.com','989.567.9890x646','2016-11-12 02:51:25','2013-04-03 21:44:27'),(89,'Kelley','Davis','maggio.cara@example.com','(342)246-4523','2014-10-17 21:18:14','2012-03-13 15:35:12'),(90,'Maximilian','Sporer','mreichert@example.net','(045)187-8312x0004','2011-12-15 06:48:35','2018-06-08 07:14:18'),(91,'Selina','Mann','d\'amore.walker@example.org','+60(7)8123737448','2017-10-14 01:28:06','2015-09-19 08:05:19'),(92,'Victor','Strosin','khalid88@example.org','+86(1)8215876775','2015-08-07 17:38:58','2011-04-20 14:48:16'),(93,'Reymundo','Howell','mbednar@example.com','004.130.3271x2596','2018-04-30 09:55:05','2015-06-29 05:51:22'),(94,'Liam','Ondricka','vergie.langworth@example.org','1-810-529-4146x5885','2017-11-28 19:09:32','2020-07-20 03:48:40'),(95,'Anissa','Schultz','kameron36@example.net','(852)109-0924','2013-10-14 02:47:40','2019-08-21 02:37:03'),(96,'Brycen','Schmitt','trisha.kshlerin@example.net','939-904-5337x83842','2012-04-22 23:25:43','2016-12-04 04:17:42'),(97,'Wanda','Hintz','florian.huel@example.com','(956)640-1318x8216','2012-10-05 09:03:05','2011-06-15 20:24:29'),(98,'Colton','Haley','johnathan99@example.net','(142)339-7446','2012-01-25 09:56:11','2020-02-09 20:10:06'),(99,'Christiana','Gulgowski','brook35@example.com','931-843-3513x53882','2019-04-05 13:37:24','2018-01-25 17:56:52'),(100,'Chloe','Heller','oraynor@example.org','200-633-2719x7100','2015-05-29 06:07:06','2018-06-30 06:17:59');
/*!40000 ALTER TABLE `users` ENABLE KEYS */;
UNLOCK TABLES;
/*!40103 SET TIME_ZONE=@OLD_TIME_ZONE */;

/*!40101 SET SQL_MODE=@OLD_SQL_MODE */;
/*!40014 SET FOREIGN_KEY_CHECKS=@OLD_FOREIGN_KEY_CHECKS */;
/*!40014 SET UNIQUE_CHECKS=@OLD_UNIQUE_CHECKS */;
/*!40101 SET CHARACTER_SET_CLIENT=@OLD_CHARACTER_SET_CLIENT */;
/*!40101 SET CHARACTER_SET_RESULTS=@OLD_CHARACTER_SET_RESULTS */;
/*!40101 SET COLLATION_CONNECTION=@OLD_COLLATION_CONNECTION */;
/*!40111 SET SQL_NOTES=@OLD_SQL_NOTES */;

-- Dump completed on 2020-08-19 17:23:46
